en,de,description,file,hash
"The comments you selected to delete have been deleted.","Die Kommentare, die Sie zum Löschen ausgewählt haben, wurden gelöscht",,site/modules/FrontendComments/FieldtypeFrontendComments.module,9d18332019d789a047598ebf2bc253cc
"The input field ""%s"" requires an email address to be able to send notification mails to at least one moderator.","Das Eingabefeld ""%s"" benötigt eine E-Mail-Adresse, um Benachrichtigungsmails an mindestens einen Moderator senden zu können.",,site/modules/FrontendComments/FieldtypeFrontendComments.module,f5be514ce4f52a5af602713c3eb291de
"Please go to the %s of this field and enter a valid email address or select a PW field that contains a valid email address inside %s tab.","Bitte gehen Sie zum %s dieses Feldes und geben Sie eine gültige E-Mail-Adresse ein oder wählen Sie ein PW-Feld aus, das eine gültige E-Mail-Adresse auf der Registerkarte %s enthält.",,site/modules/FrontendComments/FieldtypeFrontendComments.module,6c2fcbdad35b35c771843446cec115a9
"To the configuration page of this field","Zur Konfigurationsseite dieses Feldes",,site/modules/FrontendComments/FieldtypeFrontendComments.module,4236ebe862288b9c613b14da2a9361c8
"%s is not a valid email address and has therefore been deleted.","%s ist keine gültige E-Mail-Adresse und wurde daher gelöscht.",,site/modules/FrontendComments/FieldtypeFrontendComments.module,cae2784c4978878bc8cf4befde96e904
"This can be overwritten on each comment field by using this method","Dies kann mit dieser Methode in jedem Kommentarfeld überschrieben werden",,site/modules/FrontendComments/FieldtypeFrontendComments.module,7854b07e92875d69a642a4aa497d3543
"This can be overwritten on each comment field by using these methods","Dies kann in jedem Kommentarfeld mit den folgenden Methoden überschrieben werden",,site/modules/FrontendComments/FieldtypeFrontendComments.module,13e61b877a211e6831394f67fd6f3a1a
none,keine,,site/modules/FrontendComments/FieldtypeFrontendComments.module,334c4a4c42fdb79d7ebc3e73b517e6f8
"no selection","keine Auswahl","add an empty option",site/modules/FrontendComments/FieldtypeFrontendComments.module,00fd39176b23537f6b3660be8c197f5a
"General settings","Allgemeine Einstellungen",,site/modules/FrontendComments/FieldtypeFrontendComments.module,de62775a71fc2bf7a13d7530ae24a7ed
"None - Comments posted immediately","Keine - Kommentare werden sofort veröffentlicht",,site/modules/FrontendComments/FieldtypeFrontendComments.module,0c6e8a761530efc7ecfe773a5b5a6f7e
"All - All comments must be approved by user with page edit access","Alle - Alle Kommentare müssen von einem Benutzer mit Seitenbearbeitungszugriff genehmigt werden",,site/modules/FrontendComments/FieldtypeFrontendComments.module,4f214f3246f03a94773427de4f2e7699
"Only New - Only comments from users without prior approved comments require approval","Nur Neue - Nur Kommentare von Benutzern ohne zuvor genehmigte Kommentare müssen genehmigt werden",,site/modules/FrontendComments/FieldtypeFrontendComments.module,d3a76eec189143c6945282d37bd81bb5
"Comment moderation",Kommentar-Moderation,,site/modules/FrontendComments/FieldtypeFrontendComments.module,c98106d2a3b2a0a14016f73894f59d10
"This determines when a newly posted comment will appear on your site.","Dadurch wird festgelegt, unter welchen Voraussetzungen ein neuer Kommentar auf Ihrer Website angezeigt wird.",,site/modules/FrontendComments/FieldtypeFrontendComments.module,18800239150e923984ade45f5e961fbd
"Quiet save?","Stilles speichern?",,site/modules/FrontendComments/FieldtypeFrontendComments.module,e90234905413e689d67361b8f618b63f
"When checked, the page modification time and user will not be updated when a comment is added.","Wenn diese Option aktiviert ist, werden die Änderungszeit und der Benutzer der Seite nicht aktualisiert, wenn ein Kommentar hinzugefügt wird.",,site/modules/FrontendComments/FieldtypeFrontendComments.module,d2c1e7bd67d4253ff76376ed718cf94f
"Only logged in users can post comments","Nur angemeldete Benutzer können Kommentare abgeben",,site/modules/FrontendComments/FieldtypeFrontendComments.module,83842776ea6aa2dd2a596aaee32d33eb
"When checked, only logged in users can post comments.","Wenn diese Option aktiviert ist, können nur angemeldete Benutzer Kommentare abgeben.",,site/modules/FrontendComments/FieldtypeFrontendComments.module,8039d1558f3bd5536f81eb3ae9fcdca2
"By default, all users can post comments.","Standardmäßig können alle Benutzer Kommentare posten.",,site/modules/FrontendComments/FieldtypeFrontendComments.module,46eebcd5bda5056febf22791ef9dd06c
"Form fields configuration","Konfiguration der Formularfelder",,site/modules/FrontendComments/FieldtypeFrontendComments.module,7efb7dbdb199c40215ee92697e332adb
"Select a field for the user image","Wählen Sie ein Eingabefeld aus, welches das Nutzerbild enthält",,site/modules/FrontendComments/FieldtypeFrontendComments.module,e035935c6073da107b99bcb77698ddc3
"Select a field from the user template that contains the user image.","Wählen Sie ein Feld aus der Benutzervorlage aus, welches das Benutzerbild enthält.",,site/modules/FrontendComments/FieldtypeFrontendComments.module,c399463561c3bee9784c538caf135273
"At the moment, no user image fields were found in the user template. If you want to use this option, you must first add an image field to the user template.","Im Moment wurden keine Felder in der Benutzervorlage gefunden, welche für das Nutzerbild verwendet werden können. Wenn Sie diese Option verwenden möchten, müssen Sie der Benutzervorlage zunächst ein geeignetes Feld hinzufügen.",,site/modules/FrontendComments/FieldtypeFrontendComments.module,fd732bd04067bf9bd26c5f7e207f1bff
"Only user fields of the type ""FieldtypeImage"" are displayed, which only allow the upload of a single image.","Es werden nur Benutzerfelder vom Typ ""FieldtypeImage"" angezeigt, die nur das Hochladen eines einzelnen Bildes erlauben.",,site/modules/FrontendComments/FieldtypeFrontendComments.module,3dc1d6a81c31dc531099dbc096fbf6cd
"Add a website field to the comment form","Ein Webseite-Feld zum Formular hinzufügen",,site/modules/FrontendComments/FieldtypeFrontendComments.module,e0aadefb77e9a67cca3b49df6c8a2dd0
"Here you can add an additional form field to the form, which allows the author to enter the URL to his website","Hier können Sie dem Formular ein zusätzliches Formularfeld hinzufügen, das es dem Autor ermöglicht, die URL zu seiner Website einzugeben",,site/modules/FrontendComments/FieldtypeFrontendComments.module,e092bd70cc1ca9bc24577e49c5b55bfc
"The field will only be added to the form if the box is checked.","Das Feld wird nur dann zum Formular hinzugefügt, wenn das Kontrollkästchen aktiviert ist.",,site/modules/FrontendComments/FieldtypeFrontendComments.module,5fb92fdff0c6d552ca9d24bbe11d131e
"Select the field for the website URL","Wählen Sie das Feld für die Website-URL aus",,site/modules/FrontendComments/FieldtypeFrontendComments.module,37ae992e502ae798dcb978bc53a781ea
"Select the field of the user template which contains the website URL to the users homepage. The website field will be pre-filled with the value of this field if the user is logged in.","Wählen Sie das Feld der Benutzervorlage aus, welche die Website-URL zur Startseite des Benutzers enthält. Das Website-Feld wird mit dem Wert dieses Feldes vorausgefüllt, wenn der Benutzer angemeldet ist.",,site/modules/FrontendComments/FieldtypeFrontendComments.module,d85240d646dc1d3da84f17ac52ee3b35
"At the moment, no fields were found in the user template that can be used as the website field. If you want to use this option, you must first add a new URL input field to the user template.","Im Moment wurden in der Benutzervorlage keine Felder gefunden, die als Webseiten-Feld verwendet werden können. Wenn Sie diese Option verwenden möchten, müssen Sie zunächst ein neues URL-Eingabefeld zur Benutzervorlage hinzufügen.",,site/modules/FrontendComments/FieldtypeFrontendComments.module,c6a1154308fcd727420c915050dac1eb
"Only user fields of type ""FieldtypeURL"" are displayed.","Es werden nur Benutzerfelder vom Typ ""FieldtypeURL"" angezeigt.",,site/modules/FrontendComments/FieldtypeFrontendComments.module,0640e188313e2a668739e59ff0ac8b81
"Select the field for the author name","Wählen Sie das Feld für den Namen des Autors aus",,site/modules/FrontendComments/FieldtypeFrontendComments.module,2603516af0ba01fab00ece839b819258
"Select the field of the user template which contains the author name. The author name field will be pre-filled with the value of this field if the user is logged in.","Wählen Sie das Feld der Benutzervorlage aus, welches den Namen des Autors enthält. Das Feld für den Namen des Autors wird mit dem Wert dieses Feldes vorausgefüllt, wenn der Benutzer angemeldet ist.",,site/modules/FrontendComments/FieldtypeFrontendComments.module,4f02086c2f72092fc712a2fb261fe2af
"At the moment, no fields were found in the user template that can be used as a name field. If you want to use this option, you must first add a new text field to the user template. Otherwise the username will be used instead.","Im Moment wurden in der Benutzervorlage keine Felder gefunden, die als Namensfeld verwendet werden können. Wenn Sie diese Option verwenden möchten, müssen Sie zunächst ein neues Textfeld zur Benutzervorlage hinzufügen. Andernfalls wird stattdessen der Benutzername verwendet.",,site/modules/FrontendComments/FieldtypeFrontendComments.module,32246e7cf76a269e6bba67e4d8c5e9bb
"Only user fields of type ""FieldtypeText"" are displayed.","Es werden nur Benutzerfelder vom Typ ""FeldtypText"" angezeigt.",,site/modules/FrontendComments/FieldtypeFrontendComments.module,2b357e36de6f0968ac0bac704b7764ba
"Default email configuration",Standard-E-Mail-Konfiguration,,site/modules/FrontendComments/FieldtypeFrontendComments.module,7507729fd86157f8c6c06b36b11c9b92
"Select an email template","Wählen Sie eine E-Mail-Vorlage aus",,site/modules/FrontendComments/FieldtypeFrontendComments.module,391b1c0e2e6a571d16ee13451bfe5740
"Select if you want to use a HTML template for the notification emails or not.","Wählen Sie aus, ob Sie eine HTML-Vorlage für die Benachrichtigungs-E-Mails verwenden möchten oder nicht.",,site/modules/FrontendComments/FieldtypeFrontendComments.module,b030d134af6397b6ed92850a4e90fff5
"Inherit from FrontendForms will take the setting from this module.","Von FrontendForms erben übernimmt die Einstellung aus diesem Modul.",,site/modules/FrontendComments/FieldtypeFrontendComments.module,0a6eca4828ea7f3fa67e27f3e5920330
"Enter email address(es) manually","E-Mail-Adresse(n) manuell eingeben",,site/modules/FrontendComments/FieldtypeFrontendComments.module,b21811f7d308b36ebaabcce5733c84c4
"Select users as recipients","Benutzer als Empfänger auswählen",,site/modules/FrontendComments/FieldtypeFrontendComments.module,11d5afc2d606e7dcba69ea6a02fbf55c
"Email address(es) for the notification email","E-Mail-Adresse(n) für die Benachrichtigungs-E-Mail",,site/modules/FrontendComments/FieldtypeFrontendComments.module,3e8111530d73ea308ec70d126e363f09
"Select, if you want to enter the receiver email address(es) for the notification mails manually or if you want to select users as recipients.","Wählen Sie aus, ob Sie die Empfänger-E-Mail-Adresse(n) für die Benachrichtigungs-Mails manuell eingeben oder Benutzer als Empfänger auswählen möchten.",,site/modules/FrontendComments/FieldtypeFrontendComments.module,345dd661feed7d2c4551cc86aa884f55
"Default email address(es) as text","Standard-E-Mail-Adresse(n) als Text",,site/modules/FrontendComments/FieldtypeFrontendComments.module,6c2c3ce201b61bb0f292ddd39547182e
"Enter one or more emails (each on a new line) to which you want the notification emails to be sent.","Geben Sie eine oder mehrere E-Mails (jeweils in einer neuen Zeile) ein, an die die Benachrichtigungs-E-Mails gesendet werden sollen.",,site/modules/FrontendComments/FieldtypeFrontendComments.module,5d3a3dd183432d96252f3c3ed189b33b
"Fe email1@mydomain.com","Z.B. email1@mydomain.com",,site/modules/FrontendComments/FieldtypeFrontendComments.module,4144e1473aafd1b9619861b552b12c4c
"Recipients for the notification email","Empfänger für die Benachrichtigungs-E-Mail",,site/modules/FrontendComments/FieldtypeFrontendComments.module,b4e60aaff24bc873a9cabdbe476dee92
"Select one or more users that should receive a notification about new comments.","Wählen Sie einen oder mehrere Benutzer aus, die eine Benachrichtigung über neue Kommentare erhalten sollen.",,site/modules/FrontendComments/FieldtypeFrontendComments.module,b07e22cf86d72200d151fce81d19095a
"Only users with page edit permission will be displayed.","Es werden nur Benutzer mit der Berechtigung zum Bearbeiten von Seiten angezeigt.",,site/modules/FrontendComments/FieldtypeFrontendComments.module,6020d016d5ea7168df60089a9b6b4853
"From email address","Absender Adresse",,site/modules/FrontendComments/FieldtypeFrontendComments.module,6f6da7aec649851c977b6bf4e083977d
"This email address will be displayed as the sender email address of the emails sent by this module.","Diese E-Mail-Adresse wird als Absender-E-Mail-Adresse der von diesem Modul gesendeten E-Mails angezeigt.",,site/modules/FrontendComments/FieldtypeFrontendComments.module,e1ca26eb2ee8afa47a146779d2cfbfe9
"If no email address will be entered, %s will be displayed instead as the sender address.","Wenn keine E-Mail-Adresse eingegeben wird, wird stattdessen %s als Absenderadresse angezeigt.",,site/modules/FrontendComments/FieldtypeFrontendComments.module,fbba3d8e1cdcf39fd8ed54db75bf6014
"fe. My company","Z.B. Meine Firma",,site/modules/FrontendComments/FieldtypeFrontendComments.module,8eea8281628fde6ba6c3589554795bd2
"From name","Absender Name",,site/modules/FrontendComments/FieldtypeFrontendComments.module,c3a7ea0c38bac179a545dbfaf4ebb013
"This name will be displayed as the sender name of the emails sent by this module.","Dieser Name wird als Absendername der von diesem Modul gesendeten E-Mails angezeigt.",,site/modules/FrontendComments/FieldtypeFrontendComments.module,90069328ca4958e8adefa1ea08141195
"If no sender name will be entered, than the sender email address will be used as the sender name.","Wenn kein Absendername eingegeben wird, wird die E-Mail-Adresse des Absenders als Absendername verwendet.",,site/modules/FrontendComments/FieldtypeFrontendComments.module,ddd87293a8b5d9914919b1a4f1b8f7a1
Disabled,Deaktiviert,,site/modules/FrontendComments/FieldtypeFrontendComments.module,b9f5c797ebbf55adccdd8539a65a0241
"Users can receive email notifications of replies to their comment only","Benutzer können nur E-Mail-Benachrichtigungen über Antworten auf ihren eigenen Kommentar erhalten",,site/modules/FrontendComments/FieldtypeFrontendComments.module,0ad051f48ed2ca988a4b60689eb13ad5
"Users can receive email notifications for all new comments on the page","Nutzer können Benachrichtigungen zu allen neuen Kommentaren auf der Seite erhalten",,site/modules/FrontendComments/FieldtypeFrontendComments.module,4795eaf7300ae848d67ca8c64cfa357f
"Sending notification mails to the author of a comment","Senden von Benachrichtigungs-Mails an den Autor eines Kommentars",,site/modules/FrontendComments/FieldtypeFrontendComments.module,c0a65fdac2657ab50a8b8efc86465ea8
"Send comment authors email notifications of new comments.","E-Mail-Benachrichtigungen über neue Kommentare an die Autoren senden.",,site/modules/FrontendComments/FieldtypeFrontendComments.module,4c3857bd8c4100d37215b5a2564e9fcb
"Send notification email if status has been changed to approved","Eine Benachrichtigungs-E-Mail senden, wenn der Status auf ""Genehmigt"" geändert wurde",,site/modules/FrontendComments/FieldtypeFrontendComments.module,508ef57ce2a481bc139c0efdb58e36d3
"Send notification email if status has been changed to SPAM","Eine Benachrichtigungs-E-Mail senden, wenn der Status in SPAM geändert wurde",,site/modules/FrontendComments/FieldtypeFrontendComments.module,60825941739c69b3f3eb76f22351e176
"Send a notification email to the author of a comment on status change","Eine Benachrichtigungs-E-Mail an den Autor eines Kommentars bei Änderung des Status senden",,site/modules/FrontendComments/FieldtypeFrontendComments.module,9d00d4a3a50dcdfeee4ab6bbd7015b1f
"If a moderator changes the status of a comment, select on which status change the author should be informed via email.","Hier können Sie auswählen, über welche Statusänderung der Autor per E-Mail informiert werden soll, wenn ein Moderator den Status eines Kommentars ändert.",,site/modules/FrontendComments/FieldtypeFrontendComments.module,f52773e1b52ed78824098227ad8c1836
"If a box is checked, the commenter will receive an email if the comment status will be changed by a moderator in the backend or via email link. You can disable the sending of emails by unchecking a box.","Ist ein Häkchen gesetzt, erhält der Kommentator eine E-Mail, wenn der Kommentarstatus von einem Moderator im Backend oder per E-Mail-Link geändert wird. Sie können das Versenden von E-Mails deaktivieren, indem Sie ein Kontrollkästchen deaktivieren.",,site/modules/FrontendComments/FieldtypeFrontendComments.module,eeac7b4aba7e7ff5cd7e85ac6e5cb6df
"Output rendering","Rendern der Ausgabe",,site/modules/FrontendComments/FieldtypeFrontendComments.module,e22428c686e2484d13fe958b6dd96ded
"Change some parameters to get the preferred output.","Ändern Sie einige Parameter, um die bevorzugte Ausgabe zu erhalten.",,site/modules/FrontendComments/FieldtypeFrontendComments.module,2833803a0c429530b9493f78a4e01308
"General output settings","Allgemeine Ausgabeeinstellungen",,site/modules/FrontendComments/FieldtypeFrontendComments.module,e6b8e78a67e641ac0c2159b6a3865315
"Output order","Reihenfolge der Ausgabe",,site/modules/FrontendComments/FieldtypeFrontendComments.module,735ab173723a6556cf4e84d74ba8c245
"Show form after comments","Formular nach den Kommentaren anzeigen",,site/modules/FrontendComments/FieldtypeFrontendComments.module,c6fd6e97fb9371b474b799f957b66081
"Reverse the order of the output of the comment form and the comments.","Die Reihenfolge der Ausgabe des Kommentarformulars und der Kommentare umkehren.",,site/modules/FrontendComments/FieldtypeFrontendComments.module,2029d9efba9bc9ece9f4474617731b94
"By default, the form will be displayed before the comments. To reverse this behavior, select this check box.","Standardmäßig wird das Formular vor den Kommentaren angezeigt. Um dieses Verhalten rückgängig zu machen, aktivieren Sie dieses Kontrollkästchen.",,site/modules/FrontendComments/FieldtypeFrontendComments.module,0121405a4ff4c5da94414ce147b7130e
"Comment form settings","Einstellungen für das Kommentarformular",,site/modules/FrontendComments/FieldtypeFrontendComments.module,96d606ff5296a70b10591abf34cec9fb
"To disable the display of the default heading, enter ""none"" inside the input field.","Um die Anzeige der Standardüberschrift zu deaktivieren, geben Sie ""none"" in das Eingabefeld ein.",,site/modules/FrontendComments/FieldtypeFrontendComments.module,a047a17dc9aa1ca2c23e2a519e4c1858
"To disable the display of the default heading, enter ""none"" inside the input field of the default language.","Um die Anzeige der Standardüberschrift zu deaktivieren, geben Sie ""none"" in das Eingabefeld der Standardsprache ein.",,site/modules/FrontendComments/FieldtypeFrontendComments.module,f213f06d1c3edb31b65dfd68aae4c239
"This heading appears at the top of the comment form.","Diese Überschrift wird oberhalb des Kommentarformulars angezeigt.",,site/modules/FrontendComments/FieldtypeFrontendComments.module,88da20c0f0154fa2951b3e3cc52a38f7
"Form headline","Formular Überschrift",,site/modules/FrontendComments/FieldtypeFrontendComments.module,c7ecf545f5f6de587ac6ec06d13f5ffd
"If no heading is entered, ""Leave a comment"" will be displayed as the default heading.","Wenn keine Überschrift eingegeben wird, dann wird ""Einen Kommentar schreiben"" als Standardüberschrift angezeigt.",,site/modules/FrontendComments/FieldtypeFrontendComments.module,95e2f94b6dc388eef22bf9f1414330d3
"Headline 1","Überschrift 1",,site/modules/FrontendComments/FieldtypeFrontendComments.module,97c112fb954c6d49941285b0a10f2159
"Headline 2","Überschrift 2",,site/modules/FrontendComments/FieldtypeFrontendComments.module,122f44489828e6beb295ad2217765c0b
"Headline 3","Überschrift 3",,site/modules/FrontendComments/FieldtypeFrontendComments.module,a582b115656aa341666ea36dff388f04
"Headline 4","Überschrift 4",,site/modules/FrontendComments/FieldtypeFrontendComments.module,8071e7b053449b15dc1d1ced6543ca12
"Headline 5","Überschrift 5",,site/modules/FrontendComments/FieldtypeFrontendComments.module,4519b4f0c69d0bfff7de56da4315107a
"Headline type for the form heading","Überschriftentyp für die Formularüberschrift",,site/modules/FrontendComments/FieldtypeFrontendComments.module,1a78854d05cfcf0cebcf11e9ce24d464
"Select the type of the form heading (from h1 to h5).","Wählen Sie den Typ der Formularüberschrift aus (von h1 bis h5).",,site/modules/FrontendComments/FieldtypeFrontendComments.module,6bee235ae45a97c74b79322dea6d3ce2
"Yes (star rating optional)","Ja (Bewertung optional)",,site/modules/FrontendComments/FieldtypeFrontendComments.module,359310b90581d6b9baa3cdccc10607b2
"Yes (star rating required)","Ja (Bewertung erforderlich)",,site/modules/FrontendComments/FieldtypeFrontendComments.module,806e88271605e15a20e9d6d47673f42e
"Use star rating","Bewertung aktivieren",,site/modules/FrontendComments/FieldtypeFrontendComments.module,ba157aa98e6e03109702ab42bd4bbf58
"Please select, if you want to offer a star rating.","Bitte wählen Sie aus, ob Sie eine Bewertungsmöglichkeit (Sternen-Bewertung) anbieten möchten.",,site/modules/FrontendComments/FieldtypeFrontendComments.module,df7b50c9723d92052eaeffab7bb35f51
"Disable tooltip next to the star rating","Deaktivieren des Tooltips neben der Sternebewertung",,site/modules/FrontendComments/FieldtypeFrontendComments.module,4f92b1f6a672e400f1aca8f604eed171
"Disable the display of the tooltip beside the star rating","Deaktivieren Sie die Anzeige des Tooltips neben der Sternebewertung",,site/modules/FrontendComments/FieldtypeFrontendComments.module,54baab221960e2064bdbf55b28e5f0a2
"By default, a tooltip showing the current rating on hover, will be displayed next to the star rating. Check the checkbox to hide the tooltip.","Standardmäßig wird neben der Sternebewertung ein Tooltip angezeigt, der die aktuelle Bewertung beim Bewegen des Mauszeigers anzeigt. Aktivieren Sie das Kontrollkästchen, um den Tooltip auszublenden.",,site/modules/FrontendComments/FieldtypeFrontendComments.module,242745c9a54b42645d33f00895da5a6d
"Show/hide character counter under the textarea field","Zeichenzähler unter dem Textfeldfeld ein-/ausblenden",,site/modules/FrontendComments/FieldtypeFrontendComments.module,a193c5db4e9caf13d07c5cfb137f4ba5
"Hide character counter","Zeichenzähler ausblenden",,site/modules/FrontendComments/FieldtypeFrontendComments.module,834dc45731b9a10799aedacd7c09d997
"By default, a character counter will be displayed under the comment text field to inform the user, how many characters are left until the max. limit of 1024 characters is reached.","Standardmäßig wird unter dem Kommentartextfeld ein Zeichenzähler angezeigt, der den Benutzer darüber informiert, wie viele Zeichen noch übrig sind, bis das maximale Limit von 1024 Zeichen erreicht ist.",,site/modules/FrontendComments/FieldtypeFrontendComments.module,dc4caf692f42ac6c96a7aec170e14463
"Do not show anything","Nichts anzeigen",,site/modules/FrontendComments/FieldtypeFrontendComments.module,89ca52172700db318a89a30e1b677ddc
"Show checkbox","Kontrollkästchen (Checkbox) anzeigen",,site/modules/FrontendComments/FieldtypeFrontendComments.module,0e99c9e8c94dc2a1c42561e4862923ae
"Show text","Text anzeigen",,site/modules/FrontendComments/FieldtypeFrontendComments.module,823dbdeca8e8e353dde97aa7708ff251
"Add privacy text or privacy checkbox to the form","Hinzufügen von Datenschutztext oder einer Datenschutz-Checkbox zum Formular",,site/modules/FrontendComments/FieldtypeFrontendComments.module,52b7eac43569326f5fd14232ef8c8994
"Choose whether you want to display a privacy text or checkbox above the ""Submit"" button, or nothing at all.","Wählen Sie aus, ob Sie einen Datenschutztext oder ein Kontrollkästchen über der Schaltfläche ""Senden"" anzeigen möchten oder keines von beiden.",,site/modules/FrontendComments/FieldtypeFrontendComments.module,071fa16b3254ba9ac934930697390c0e
"You can disable the display of the privacy text/checkbox, but you should be aware that this may lead to legal consequences if a privacy notice is required in your country.","Sie können die Anzeige des Datenschutztextes/der Checkbox deaktivieren, sollten sich jedoch darüber im Klaren sein, dass dies zu rechtlichen Konsequenzen führen kann, wenn in Ihrem Land eine Datenschutzerklärung erforderlich ist.",,site/modules/FrontendComments/FieldtypeFrontendComments.module,57e0942ea0dc40513cfa36f66cf8a29c
None,keines,,site/modules/FrontendComments/FieldtypeFrontendComments.module,6adf97f83acf6453d4a6a4b1070f3754
"Internal page","Interne Seite",,site/modules/FrontendComments/FieldtypeFrontendComments.module,053804bfe44674f730a89cf2dd764298
"External page","Externe Seite",,site/modules/FrontendComments/FieldtypeFrontendComments.module,fbf193bef032f6c2442411789d4f7397
"Show a link to the community guidelines","Einen Link zu den Kommentar-Richtlinien anzeigen",,site/modules/FrontendComments/FieldtypeFrontendComments.module,de77856dd44c775827f7c42db84397d4
"Choose whether or not to display a link to the Community Guidelines. You can select an internal or external page.","Wählen Sie aus, ob ein Link zu den Kommentar-Richtlinien angezeigt werden soll oder nicht. Sie können eine interne oder eine externe Seite auswählen.",,site/modules/FrontendComments/FieldtypeFrontendComments.module,28930ed32faa8e3d194e1895c4ac0114
"Page for the Community Guidelines","Seite, welche die Kommentar-Richtlinien enthält",,site/modules/FrontendComments/FieldtypeFrontendComments.module,e1592a318546882848f1e0ed28e87e73
"Select the page that contains the Community Guidelines by entering a search term for the title of that page (e.g. guidelines).","Wählen Sie die Seite aus, die die Kommentar-Richtlinien enthält, indem Sie einen Suchbegriff für den Titel dieser Seite eingeben (z. B. Kommentar-Richtlinien).",,site/modules/FrontendComments/FieldtypeFrontendComments.module,b6d645c6ba9d4b5c08b243219381ca37
"The link to this page will be displayed under the textarea input for the comment text.","Der Link zu dieser Seite wird unter dem Eingabefeld für den Kommentartext angezeigt.",,site/modules/FrontendComments/FieldtypeFrontendComments.module,e38e2b185371380954c6316926668963
"External URL for the Community Guidelines","Externe URL für die Kommentar-Richtlinien",,site/modules/FrontendComments/FieldtypeFrontendComments.module,d89e22ce5a02bbacc2e2f8420d6404ed
"Enter the URL to an external page containing the Community Guidelines.","Geben Sie die URL zu einer externen Seite ein, welche die Kommentar-Richtlinien enthält.",,site/modules/FrontendComments/FieldtypeFrontendComments.module,ec1956ae45a3e9d52292ddfb95bf9df6
"Comment list settings","Einstellungen für die Kommentarliste",,site/modules/FrontendComments/FieldtypeFrontendComments.module,b70effa6245be35d488a946483a4f09d
"To disable the display of the heading enter ""none"" inside the input field.","Um die Anzeige der Überschrift zu deaktivieren, geben Sie ""none"" in das Eingabefeld ein.",,site/modules/FrontendComments/FieldtypeFrontendComments.module,6108785bf0c89fb74a43a586484263a4
"To disable the display of the heading enter ""none"" inside the input field of the default language.","Um die Anzeige der Überschrift zu deaktivieren, geben Sie ""none"" in das Eingabefeld der Standardsprache ein.",,site/modules/FrontendComments/FieldtypeFrontendComments.module,adac381451006d24739fffac2ccb01b3
"Comment list headline","Überschrift der Kommentarliste",,site/modules/FrontendComments/FieldtypeFrontendComments.module,ce8737484e016d6e05953f8f3ceefa39
"This heading appears at the top of the comment list.","Diese Überschrift wird oberhalb der Kommentarliste angezeigt.",,site/modules/FrontendComments/FieldtypeFrontendComments.module,98078e88590430c293bbed827d48c1d3
"If no heading is entered, ""Comments"" will will be displayed as the default heading.","Wenn keine Überschrift eingegeben wird, dann wird ""Kommentare"" als Standardüberschrift angezeigt.",,site/modules/FrontendComments/FieldtypeFrontendComments.module,4879128bcd4ad0739d728b7ab7678248
"Headline type for the comments heading","Überschriftentyp für die Kommentarlistenüberschrift",,site/modules/FrontendComments/FieldtypeFrontendComments.module,8be79f89a1e70811885864262663b22c
"Select the type of the comments heading (from h1 to h5).","Wählen Sie den Typ der Kommentarüberschrift aus (von h1 bis h5).",,site/modules/FrontendComments/FieldtypeFrontendComments.module,525d41ed41a046cce9b966d2d72db275
"Reply depth",Antworttiefe,,site/modules/FrontendComments/FieldtypeFrontendComments.module,9e6530a34353d7610fd5455767b28df4
"Choose the number of depth for threaded comments.","Wählen Sie die Anzahltiefe für die Antwort-Kommentare aus.",,site/modules/FrontendComments/FieldtypeFrontendComments.module,3021b5265415ae4e5874039fb0ec09dc
"Specify 0 for traditional flat chronological comments. For threaded comments (replies appear with comment being replied to) specify the maximum depth allowed for replies (0 to 3 recommended).","Geben Sie 0 für herkömmliche, flache, chronologische Kommentare an. Geben Sie für Antwort-Kommentare (Antworten werden unterhalb des Kommentars angezeigt, auf den geantwortet wird) die maximal zulässige Tiefe für Antworten an (0 bis 3 empfohlen).",,site/modules/FrontendComments/FieldtypeFrontendComments.module,6e97fb6e5fbbe1d65533fa0677586336
"Sort order",Sortierungsreihenfolge,,site/modules/FrontendComments/FieldtypeFrontendComments.module,06f1ac65b0a6a548339a38b348e64d79
"Sort newest to oldest","Vom neuesten zum ältesten",,site/modules/FrontendComments/FieldtypeFrontendComments.module,3a9e45e8efa2abf76ef63223e22daa36
"Set the sort order for the comments.","Geben Sie die Sortierungsreihenfolge für die Kommentare an.",,site/modules/FrontendComments/FieldtypeFrontendComments.module,f9dddc270248ced9bb35b296fc3c6b61
"By default, comments will be sort chronologically (oldest to newest). To reverse that behavior check this box. Just to mention: This affects only main comments, but not replies to comments.","Standardmäßig werden Kommentare chronologisch sortiert (älteste bis neueste). Um dieses Verhalten umzukehren, aktivieren Sie dieses Kontrollkästchen. Nur zur Erinnerung: Dies betrifft nur die Hauptkommentare, nicht aber die Antworten auf die Kommentare.",,site/modules/FrontendComments/FieldtypeFrontendComments.module,dd56ad901343f6e8245a49774f88175e
"Show/hide voting of comments","Abstimmung von Kommentaren ein-/ausblenden",,site/modules/FrontendComments/FieldtypeFrontendComments.module,7cacb7f44d31e07288195d7491114a52
"Enable voting of comments","Abstimmung von Kommentaren aktivieren",,site/modules/FrontendComments/FieldtypeFrontendComments.module,9a799cddb654e7ff5c480b745d4ebf8a
"By checking the box you offer visitors the possibility to rate comments (up-votes and down-votes).","Durch das Aktivieren bieten Sie Besuchern die Möglichkeit an, Kommentare mit gefällt mir/gefällt mir nicht zu bewerten.",,site/modules/FrontendComments/FieldtypeFrontendComments.module,637d15266d2ef7f39160da733e288f6b
"Number of days before voting can be done again","Anzahl der Tage, bevor erneut abgestimmt werden kann",,site/modules/FrontendComments/FieldtypeFrontendComments.module,ad60a64d03fa5db8f3de8f54dc4b40ab
"To prevent multiple ratings from the same user, this module checks if the user have voted before. Please enter a time period in days during which further rating is not allowed.","Um zu verhindern, dass ein und derselbe Benutzer mehrere Bewertungen abgibt, prüft dieses Modul, ob der Benutzer bereits abgestimmt hat. Bitte geben Sie einen Zeitraum in Tagen ein, in dem eine weitere Bewertung nicht zulässig ist.",,site/modules/FrontendComments/FieldtypeFrontendComments.module,0a068b72a2ebbd95f672f7207f80d38e
"The user will be identified by using data of his Internet fingerprint. This means that the IP address, the browser system and the user ID will be compared with entries in the database. If an entry with the same data will be found, then the rating is not allowed. Entries in the database which are older than the time period selected above will be deleted automatically and the user will be allowed to rate again.","Die Identifizierung des Nutzers erfolgt anhand der Daten seines Internet-Fingerabdrucks. Das bedeutet, dass die IP-Adresse, das Browsersystem und die Benutzerkennung mit Einträgen in der Datenbank abgeglichen werden. Wenn ein Eintrag mit den gleichen Daten gefunden wird, dann ist die Bewertung nicht erlaubt. Einträge in der Datenbank, die älter als der oben ausgewählte Zeitraum sind, werden automatisch gelöscht und der Benutzer darf erneut bewerten.",,site/modules/FrontendComments/FieldtypeFrontendComments.module,7232c1e17dae3634adbc9196eee40351
"full date","Komplettes Datum",,site/modules/FrontendComments/FieldtypeFrontendComments.module,4a8f50856ac0810b9b83fde90449edcf
relative,"Relative Datumsangabe",,site/modules/FrontendComments/FieldtypeFrontendComments.module,99c483e1d11b1a279a2a1a3960528487
"Date/time format for comments","Datums-/Uhrzeitformat für Kommentare",,site/modules/FrontendComments/FieldtypeFrontendComments.module,bfaf2f2e5431a236eb6bb536db04f9c0
"Select if you want to show the date/time of a comment as a full or a relative date string.","Wählen Sie aus, ob Sie das Datum/die Uhrzeit eines Kommentars als vollständiges oder relatives Datum anzeigen möchten.",,site/modules/FrontendComments/FieldtypeFrontendComments.module,d3721897c8cc5c256af7d5275329c762
"The format of a full date string can be defined in the configuration of the FrontendForms module.","Das Format eines vollständigen Datums kann in der Konfiguration des FrontendForms-Moduls definiert werden.",,site/modules/FrontendComments/FieldtypeFrontendComments.module,761748058bd227a341891f6a3c578db6
"Settings for stylesheets and scripts","Einstellungen für Stylesheets und Skripte",,site/modules/FrontendComments/FieldtypeFrontendComments.module,d8e4d251281d05f85acf5cc936fa7f4d
"Javascript setting",Javascript-Einstellung,,site/modules/FrontendComments/FieldtypeFrontendComments.module,c454d41006c3a47ef050056608a6b7d9
"Remove all Javascript files for the comments from the frontend","Alle Javascript-Dateien für die Kommentare aus dem Frontend entfernen",,site/modules/FrontendComments/FieldtypeFrontendComments.module,3645d108b1e3009bf9aac0c3a9aaed11
"All JavaScript files, which will be needed for some features of the comments, will added before the closing body tag on the frontend by default . You can prevent the embedding of the JS files by checking the box.","Alle JavaScript-Dateien, die für einige Funktionen der Kommentare benötigt werden, werden standardmäßig vor dem schließenden body-Tag im Frontend hinzugefügt. Sie können das Einbetten der JS-Dateien verhindern, indem Sie das Kontrollkästchen aktivieren.",,site/modules/FrontendComments/FieldtypeFrontendComments.module,a786e88a6a6d6d63d547206949a3de91
"CSS setting",CSS-Einstellung,,site/modules/FrontendComments/FieldtypeFrontendComments.module,6bfa90ae9f841ec2adedb46975347afd
"Remove all CSS files for the comments from the frontend","Entfernen Sie alle CSS-Dateien für die Kommentare aus dem Frontend",,site/modules/FrontendComments/FieldtypeFrontendComments.module,b25d8e2b35baee5ba2d65449612612e8
"All CSS files for the comments will be added to the head section by default. You can prevent the embedding of the CSS files by checking the box.","Alle CSS-Dateien für die Kommentare werden standardmäßig zum Head-Bereich hinzugefügt. Sie können das Einbetten der CSS-Dateien verhindern, indem Sie das Häkchen setzen.",,site/modules/FrontendComments/FieldtypeFrontendComments.module,7303aadaa12065e79fbde6a63159ca00
"Spam protection",Spam-Schutz,,site/modules/FrontendComments/FieldtypeFrontendComments.module,2932b465b48cf0d7c9caaf511d0c0e61
"Number of days after which to delete spam","Anzahl der Tage, nach denen Spam-Kommentare gelöscht werden sollen",,site/modules/FrontendComments/FieldtypeFrontendComments.module,bf31492fe5d4821b483bc7cb8cfe07a3
"After the specified number of days has elapsed, comments that have been marked as spam will be automatically deleted.","Nach Ablauf der angegebenen Anzahl von Tagen werden Kommentare, die als Spam markiert wurden, automatisch gelöscht.",,site/modules/FrontendComments/FieldtypeFrontendComments.module,3c87bbed4a0e03d19c4677dbbe64ffc8
"If you want to disable automatic spam deletion, please select 0.","Wenn Sie die automatische Spam-Löschung deaktivieren möchten, wählen Sie bitte 0 aus.",,site/modules/FrontendComments/FieldtypeFrontendComments.module,f00bcb850acb30b9097adf556916cacc
"Inherit from FrontendForms","Von FrontendForms übernehmen",,site/modules/FrontendComments/FieldtypeFrontendComments.module,5bfe6a369b802afdb9bb4909ac726c2d
"No CAPTCHA","Kein CAPTCHA",,site/modules/FrontendComments/FieldtypeFrontendComments.module,b23bb4764e36673626f332b94178c5ec
CAPTCHA,=,,site/modules/FrontendComments/FieldtypeFrontendComments.module,291d6945a9da1c9a56be64a04e003112
"Select, if you want to use a CAPTCHA for the comment form.","Wählen Sie aus, ob Sie ein CAPTCHA für das Kommentarformular verwenden möchten.",,site/modules/FrontendComments/FieldtypeFrontendComments.module,03a342a1eb34897b1a2571498eaefe9e
"If you receive a lot of spam comments, you can enable a CAPTCHA to prevent spam bots from filling out the form.","Wenn Sie viele Spam-Kommentare erhalten, können Sie ein CAPTCHA aktivieren, um zu verhindern, dass Spam-Bots das Formular ausfüllen.",,site/modules/FrontendComments/FieldtypeFrontendComments.module,ebb7b1091b44d7c661da133022fe59e0
Pagination,Paginierung,,site/modules/FrontendComments/FieldtypeFrontendComments.module,cbb81506a7fe3ef03f7a89c76c52131a
"Set the number of comments per page","Legen Sie die Anzahl der Kommentare pro Seite fest",,site/modules/FrontendComments/FieldtypeFrontendComments.module,d5410401334f3c215c57ddb12c921f08
"Enter how many comments should be displayed per page.","Geben Sie ein, wie viele Kommentare pro Seite angezeigt werden sollen.",,site/modules/FrontendComments/FieldtypeFrontendComments.module,9b78984d701b25137be086c09e05c691
"A value of 0 disables the pagination and shows all comments on one page.","Ein Wert von 0 deaktiviert die Paginierung und zeigt alle Kommentare auf einer Seite an.",,site/modules/FrontendComments/FieldtypeFrontendComments.module,7d0e620ac5c535a43fa46f00b48f8dc8
left,links,,site/modules/FrontendComments/FieldtypeFrontendComments.module,811882fecd5c7618d7099ebbd39ea254
center,zentriert,,site/modules/FrontendComments/FieldtypeFrontendComments.module,adb115059e28d960fa8badfac5516667
right,rechts,,site/modules/FrontendComments/FieldtypeFrontendComments.module,7c4f29407893c334a6cb7a87bf045c0d
"Set the alignment of the pagination","Festlegen der Ausrichtung der Paginierung",,site/modules/FrontendComments/FieldtypeFrontendComments.module,8ae4c829fd76b1798988bf6929d41222
"Choose whether you want the pagination to appear left, centered, or right.","Wählen Sie aus, ob die Paginierung links, zentriert oder rechts angezeigt werden soll.",,site/modules/FrontendComments/FieldtypeFrontendComments.module,e2d5ba56996335a4efc50568a606dde8
"How to","Kurze Anleitung",,site/modules/FrontendComments/FieldtypeFrontendComments.module,8152e92924892023d55b62a942636981
"Here is how to implement the comments on a page.","Hier erfahren Sie, wie Sie die Kommentare auf einer Seite implementieren können.",,site/modules/FrontendComments/FieldtypeFrontendComments.module,3b64646327344fc5cd94ff958dd0f822
"First, you will need to add this field to a template where you want to display comments.","Zuerst müssen Sie dieses Feld zu einer Vorlage hinzufügen, in der Sie Kommentare anzeigen möchten.",,site/modules/FrontendComments/FieldtypeFrontendComments.module,f0e6470a59ba296234e70d2791152c7f
"After that, put this code on a position inside this template, where the form and the comment list should be displayed.","Platzieren Sie diesen Code anschließend an einer Stelle innerhalb dieser Vorlage, an der das Formular und die Kommentarliste angezeigt werden sollen.",,site/modules/FrontendComments/FieldtypeFrontendComments.module,823872c325ceb2febc23b4824f57ce9f
"The easiest way to integrate comments","Der einfachste Weg, Kommentare zu integrieren",,site/modules/FrontendComments/FieldtypeFrontendComments.module,55205f0b6fb5909723c7af3dbf56b843
"In this case, the global settings are applied.","In diesem Fall werden die globalen Einstellungen übernommen.",,site/modules/FrontendComments/FieldtypeFrontendComments.module,411c2c10cb3226bd64bf6a461ec0e427
"Copy this line of code and add it to your template, where the comments should be displayed.","Kopieren Sie diese Codezeile, und fügen Sie sie Ihrer Vorlage hinzu, in der die Kommentare angezeigt werden sollen.",,site/modules/FrontendComments/FieldtypeFrontendComments.module,d6646838e03ddc8a8c3fd7e256328689
"Integration of comments with user-defined settings per field","Integration von Kommentaren mit benutzerdefinierten Einstellungen pro Feld",,site/modules/FrontendComments/FieldtypeFrontendComments.module,82b9cd91f95fab5673564752dbea51c5
"If needed, almost every parameter of the global settings can be overwritten within the templates.","Bei Bedarf kann fast jeder Parameter der globalen Einstellungen innerhalb der Vorlagen überschrieben werden.",,site/modules/FrontendComments/FieldtypeFrontendComments.module,e48639fe753f3453b346b6339e314dc0
docs,Docs,,site/modules/FrontendComments/FieldtypeFrontendComments.module,e3e2a9bfd88566b05001b02a3f51d286
"You can find much more information about this module inside the %s.","Viele weitere Informationen zu diesem Modul finden Sie in den %s.",,site/modules/FrontendComments/FieldtypeFrontendComments.module,6054f050e1c57def485e7c3fec6973cd
FrontendComments,=,,site/modules/FrontendComments/FieldtypeFrontendComments.module,6b8c682577d63258030293d8bac4919b
"Field that let you store user comments on a page using the FrontendForms module.","Eingabefeld, welches auf Basis des FrontendForms-Modul Kommentare auf einer Seite anzeigen kann",,site/modules/FrontendComments/FieldtypeFrontendComments.module,bbe8f47078082191d89866cabaad534d
en,de,description,file,hash
Guest,Gast,,site/modules/FrontendComments/FrontendComment.php,adb831a7fdd83dd1e2a309ce7591dff8
"Like the comment","Mir gefällt dieser Kommentar",,site/modules/FrontendComments/FrontendComment.php,32a1bab8a685376f9632903067d90a2e
"Dislike the comment","Mir gefällt dieser Kommentar nicht",,site/modules/FrontendComments/FrontendComment.php,fd395bf6e34455835034bcd2c3a06d22
"Profile image of %s","Profilbild von %s",,site/modules/FrontendComments/FrontendComment.php,deab51021f2a885e9c4f50b992e18879
"Sorry, this post has been removed by moderators for violating community guidelines.","Es tut uns leid, aber dieser Beitrag wurde von den Moderatoren entfernt, weil er gegen die Community-Richtlinien verstoßen hat.",,site/modules/FrontendComments/FrontendComment.php,2701441651c9c35f9b600a1158a5b7b7
"Reply to this comment","Auf diesen Kommentar antworten",,site/modules/FrontendComments/FrontendComment.php,bc9e60a9d89ccff64f5282425aa1374e
Reply,Antworten,,site/modules/FrontendComments/FrontendComment.php,25d8df6e580905091a0d5ef5b9e05bf0
"To the homepage of the author","Zur Homepage des Autors",,site/modules/FrontendComments/FrontendComment.php,8aad18494f02e63126e3b690c76098bf
"Homepage of the author:","Homepage des Autors:",,site/modules/FrontendComments/FrontendComment.php,f8607d27ad8d42b00a1aaf5abab475da
Cancel,Abbrechen,,site/modules/FrontendComments/FrontendComment.php,ea4788705e6873b424c65e91c2846b19
"Write a reply to this comment","Eine Antwort zu diesem Kommentar schreiben",,site/modules/FrontendComments/FrontendComment.php,79a45328ee9f20b64650aae326a844ec
"Unfortunately an error occurred during the saving process.","Leider ist beim Speichern ein Fehler aufgetreten.",,site/modules/FrontendComments/FrontendComment.php,81e947ea09920542a75d5f87772654cc
en,de,description,file,hash
"You have already canceled the receiving of reply notification mails for this comment.","Sie haben bereits den Empfang von Antwortbenachrichtigungen zu diesem Kommentar deaktiviert.",,site/modules/FrontendComments/FrontendCommentArray.php,3cd6e6d75ce5d7a458bc41e60e8b1505
"You have successfully canceled the receiving of reply notification mails.","Sie haben den Erhalt von Benachrichtigungs-Emails zu Anworten auf Kommentare erfolgreich deaktiviert.",,site/modules/FrontendComments/FrontendCommentArray.php,46ddfb6e2a6fb175c91bd81e62276cd2
"Unfortunately, no matching comment was found for this code.","Leider wurde zu diesem Code kein passender Kommentar gefunden.",,site/modules/FrontendComments/FrontendCommentArray.php,4b09de74c9d21f989f680f65fc33200d
"View the comment","Kommentar anzeigen",,site/modules/FrontendComments/FrontendCommentArray.php,50fa6a080936b165819c911a03fc71aa
"Unfortunately, the status of this comment has already been changed via remote link.","Leider wurde der Status dieses Kommentars bereits per Remote-Link geändert.",,site/modules/FrontendComments/FrontendCommentArray.php,98f08734a957c975c70d8fb27529f3be
"For security reasons, the status of a comment can only be changed once via remote link. You will need to log in to the backend to change the status of this comment again.","Aus Sicherheitsgründen kann der Status eines Kommentars nur einmal per Remote-Link geändert werden. Sie müssen sich im Backend anmelden, um den Status dieses Kommentars abermals zu ändern.",,site/modules/FrontendComments/FrontendCommentArray.php,fe057de6fb874e1c1518ada871ca530e
"waiting for approval","Auf Bestätigung waren",,site/modules/FrontendComments/FrontendCommentArray.php,f90b90878625ff2d53483512de91d4c4
approved,Bestätigt,,site/modules/FrontendComments/FrontendCommentArray.php,787d5f05953ec39b108869dfdd7733e6
spam,Spam,,site/modules/FrontendComments/FrontendCommentArray.php,e09f6a7593f8ae3994ea57e1117f67ec
"The status of the comment has been updated to ""%s"".","Der Status des Kommentars auf ""%s"" geändert.",,site/modules/FrontendComments/FrontendCommentArray.php,1a73fc6effc1b0a4dc8842b7f9353f01
"In addition, an email was sent to the commenter to inform him of the status change.","Zusätzlich wurde eine E-Mail an den Kommentator gesendet, um ihn über die Statusänderung zu informieren.",,site/modules/FrontendComments/FrontendCommentArray.php,d9a4fd2cdaaf3515539c8dd2eff0ecff
"Unfortunately an error occurred during the update process of the status.","Leider ist während des Update-Prozesses des Status ein Fehler aufgetreten.",,site/modules/FrontendComments/FrontendCommentArray.php,57d563f11d78936043f9900c32205580
"It looks like you have already rated this comment within the last %s days.","Es sieht so aus als ob Sie diesen Kommentar bereits innerhalb der letzten %s Tage bewertet haben.",,site/modules/FrontendComments/FrontendCommentArray.php,01e4673bc90d92d03c35a86ef82ccc63
"It looks like you have already rated this comment within the last day.","Es sieht so aus als ob Sie diesen Kommentar bereits innerhalb des letzten Tages bewertet haben.",,site/modules/FrontendComments/FrontendCommentArray.php,77dcd195d263dd3dec28f8d716ad886e
"In this case you are not allowed to vote again.","In diesem Fall dürfen Sie keine Bewertung mehr abgeben.",,site/modules/FrontendComments/FrontendCommentArray.php,619bccb1d2e85cb472bb415a0f682641
"We are sorry, but this comment was not found. It is possible that this comment has already been deleted or has not been published yet.","Es tut uns leid, aber dieser Kommentar wurde nicht gefunden. Es ist möglich, dass dieser Kommentar bereits gelöscht oder noch nicht veröffentlicht wurde.",,site/modules/FrontendComments/FrontendCommentArray.php,3c077e0b71b62f9479f04f9d34490158
"Please set at least one moderation email address for this comments field (go to the backend configuration or set it via API). Otherwise the comments will not be displayed.","Bitte legen Sie für dieses Kommentarfeld mindestens eine Moderations-E-Mail-Adresse fest (gehen Sie zur Backend-Konfiguration oder legen Sie diese über die API fest). Andernfalls werden die Kommentare nicht angezeigt.",,site/modules/FrontendComments/FrontendCommentArray.php,a782fa9928c118655815f79dec25bd84
"Please log in to post a comment.","Bitte loggen Sie sich ein, um einen Kommentar abzugeben.",,site/modules/FrontendComments/FrontendCommentArray.php,cfc5f738c1561a355c69686f616206bb
en,de,description,file,hash
"Leave a comment","Schreiben Sie einen Kommentar",,site/modules/FrontendComments/FrontendCommentForm.php,4d475654cf26db0264212bc50e9cf6d2
Name,=,,site/modules/FrontendComments/FrontendCommentForm.php,49ee3087348e8d44e1feda1917443987
Homepage,=,,site/modules/FrontendComments/FrontendCommentForm.php,339f7a2e087a159e6a31501649027a77
Comment,Kommentar,,site/modules/FrontendComments/FrontendCommentForm.php,0be8406951cdfda82f00f79328cf4efc
"HTML is not allowed.","HTML ist nicht erlaubt.",,site/modules/FrontendComments/FrontendCommentForm.php,458a8bd4c7dd305769961f96822e1e05
Rating,Bewertung,,site/modules/FrontendComments/FrontendCommentForm.php,dda9c06f33071c9b6fc237ee164109d8
"Select a rating","Geben Sie Ihre Bewertung ab",,site/modules/FrontendComments/FrontendCommentForm.php,e44ea373da30c4843546072fb74e8b27
Excellent,Ausgezeichnet,,site/modules/FrontendComments/FrontendCommentForm.php,fcc2d28a33d2df558f18766e067569c6
"Very Good","Sehr gut",,site/modules/FrontendComments/FrontendCommentForm.php,c0e54054d2efa466c477ca3e478549a3
Average,Befriedigend,,site/modules/FrontendComments/FrontendCommentForm.php,b1897515d548a960afe49ecf66a29021
Poor,Schlecht,,site/modules/FrontendComments/FrontendCommentForm.php,0e94d01753f69bda9b5060a18994540d
Terrible,"Äußerst schlecht",,site/modules/FrontendComments/FrontendCommentForm.php,33cf5ec0ada0b91b96379f7a2e7dd558
"Notify me about new comments","Ich möchte über neue Kommentare informiert werden",,site/modules/FrontendComments/FrontendCommentForm.php,b9a53ec83ceece66b9634c09ced8b50c
"You can cancel the receiving of notification emails everytime by clicking the link inside the notification email.","Sie können den Erhalt von Benachrichtigungs-E-Mails jederzeit beenden, indem Sie auf den entsprechenden Link in der Benachrichtigungs-E-Mail klicken.",,site/modules/FrontendComments/FrontendCommentForm.php,82e10f630644cddf1214fff13c065901
"No notification","Keine Benachrichtigung",,site/modules/FrontendComments/FrontendCommentForm.php,6b74ea635c096c7f10b7a6e504b76a80
"I want to get notified about replies to this comment only","Ich möchte nur über Antworten auf diesen Kommentar benachrichtigt werden",,site/modules/FrontendComments/FrontendCommentForm.php,16aae199bdf3eddd6a491e7dc00a88e7
"I want to get notified about every new comment","Ich möchte über jeden neuen Kommentar benachrichtigt werden",,site/modules/FrontendComments/FrontendCommentForm.php,38bbf3cad7e6177bd635d24e2e66eb34
"Notify me about replies to this comment","Ich möchte über Antworten auf diesen Kommentar informiert werden",,site/modules/FrontendComments/FrontendCommentForm.php,da64780df4ce4b1349b13d33d8e3e1d0
"community guidelines","Kommentar Richtlinien",,site/modules/FrontendComments/FrontendCommentForm.php,23cd33f4980d0059f8ec8ebaef11d0e1
"Please take care about our %s.","Bitte achten Sie auf unsere %s.",,site/modules/FrontendComments/FrontendCommentForm.php,8b7c820e1d6dd9b55086e31bfdbab1d4
"Thank you for your comment!","Vielen Dank für Ihren Kommentar!",,site/modules/FrontendComments/FrontendCommentForm.php,b3044efa669082d0c66df7139e8fe5fc
"Please be patient. Your comment must be approved by a moderator before it will be published on the page.","Bitte haben Sie etwas Geduld. Ihr Kommentar muss zuerst von einem Moderator genehmigt werden, bevor er auf der Seite veröffentlicht wird.",,site/modules/FrontendComments/FrontendCommentForm.php,d98fd2f6ea4b301957deb91a604f654f
"You will be notified by email as soon as your comment has been reviewed by a moderator.","Sie werden per E-Mail benachrichtigt, sobald Ihr Kommentar von einem Moderator überprüft wurde.",,site/modules/FrontendComments/FrontendCommentForm.php,deb9f8981a031f01ccfc81408abca125
"Reload the page","Seite neu laden",,site/modules/FrontendComments/FrontendCommentForm.php,cd1144b0fe6932e414e39d6b69de6a37
"To view your comment, you must reload the page by clicking on the link below:","Um Ihren Kommentar sehen zu können, müssen Sie die Seite zuerst neu laden, indem Sie auf den folgenden Link klicken:",,site/modules/FrontendComments/FrontendCommentForm.php,0538e2b76e114b10905985e68f528aaf
en,de,description,file,hash
"Comment pagination","Kommentar Paginierung",,site/modules/FrontendComments/FrontendCommentPagination.php,d0ff15bc3ce00b8142300413b9ac74f0
"To the first page","Zur ersten Seite",,site/modules/FrontendComments/FrontendCommentPagination.php,d3288bd361911540199bc0fd51ba1d79
"This is the last page","Zur letzten Seite",,site/modules/FrontendComments/FrontendCommentPagination.php,91656ffa27922286519776a426945b96
"Page %s","Seit %s",,site/modules/FrontendComments/FrontendCommentPagination.php,ec2e9a76f283943d0ccde5352785731c
"To page %s","Zur Seite %s",,site/modules/FrontendComments/FrontendCommentPagination.php,2a27102f3df4dcb2bc84030e0d557b22
"Showing %s to %s of %s comments","Es werden %s bis %s von insgesamt %s Kommentaren angezeigt",,site/modules/FrontendComments/FrontendCommentPagination.php,d3962027a77ab633ef4d35b7218b07ff
en,de,description,file,hash
"Page navigation",Seiten-Navigation,,site/modules/FrontendComments/Bootstrap5/FrontendCommentPaginationBootstrap5.php,4804dd8c75c328a1ea7a432fbab05be4
en,de,description,file,hash
Comments,Kommentare,,site/modules/FrontendComments/FrontendComments.php,8413c683b4b27cc3f4dbd4c90329d8ba
"There are no comments at the moment. Be the first to write one.","Im Moment gibt es keine Kommentare. Seien Sie der Erste, der einen schreibt.",,site/modules/FrontendComments/FrontendComments.php,c9a30d1a0c3ea4cb3ddc25f4e685cbee
en,de,description,file,hash
Comments,Kommentare,,site/modules/FrontendComments/InputfieldFrontendComments.module,8413c683b4b27cc3f4dbd4c90329d8ba
"There are no comments at the moment.","Es gibt momentan noch keine Kommentare.",,site/modules/FrontendComments/InputfieldFrontendComments.module,2670994d655a0011a1cb80d5aa3c614a
Comment,Kommentar,,site/modules/FrontendComments/InputfieldFrontendComments.module,0be8406951cdfda82f00f79328cf4efc
"Posted on: %s","Gepostet am: %s",,site/modules/FrontendComments/InputfieldFrontendComments.module,42d8cbb191daf2f2a757954b812a86be
Email,E-Mail,,site/modules/FrontendComments/InputfieldFrontendComments.module,ce8ae9da5b7cd6c3df2929543a9af92d
Author,Autor,,site/modules/FrontendComments/InputfieldFrontendComments.module,a517747c3d12f99244ae598910d979c5
Status,=,,site/modules/FrontendComments/InputfieldFrontendComments.module,ec53a8c4f07baed5d8825072c89799be
"Pending approval","Wartet auf Bestätigung",,site/modules/FrontendComments/InputfieldFrontendComments.module,b8e2c23a15e49a10d6f0562a3dce2538
Approved,Bestätigt,,site/modules/FrontendComments/InputfieldFrontendComments.module,6f8063417ab31f38d864c28302f3de2f
SPAM,=,,site/modules/FrontendComments/InputfieldFrontendComments.module,c72beebe6ecbdddff71b846c4858ebcb
"Delete the comment","Kommentar löschen",,site/modules/FrontendComments/InputfieldFrontendComments.module,851777bf0529c4d9d9d0bad0f792cd25
"Status ""Pending approval"" cannot be selected. If you want to delete the comment, select ""Delete the comment"" and save the page.","Der Status ""Wartet auf Bestätigung"" kann nicht ausgewählt werden. Wenn Sie den Kommentar löschen möchten, wählen Sie ""Kommentar löschen"" und speichern Sie danach die Seite.",,site/modules/FrontendComments/InputfieldFrontendComments.module,df44d6274ade9ae6664e5d8266b1a5a5
Homepage,=,,site/modules/FrontendComments/InputfieldFrontendComments.module,339f7a2e087a159e6a31501649027a77
"Moderation feedback","Anwort des Moderators auf den Kommentar",,site/modules/FrontendComments/InputfieldFrontendComments.module,67e9e3043ec6e316533afb14cd12c416
"Enter a feedback to a comment","Schreiben Sie ein Feedback zu einem Kommentar",,site/modules/FrontendComments/InputfieldFrontendComments.module,5d9e79d8b579d9d8eee90015b2000c6d
"This text will be displayed directly below the comment.","Dieser Text wird direkt unter dem Kommentar angezeigt.",,site/modules/FrontendComments/InputfieldFrontendComments.module,ff3fc5302540ebcb78034d59f84be69e
"Updated %s for comment #%d","Update %s für Kommentar #%d",,site/modules/FrontendComments/InputfieldFrontendComments.module,58b6f822b062991647cf2e70b0140352
"Inputfield FrontendComments",=,,site/modules/FrontendComments/InputfieldFrontendComments.module,b77e1cde3409464c7ca450dfe273200c
"Inputfield for managing comments on a page.","Eingabefeld zur Verwaltung von Kommentaren auf einer Seite.",,site/modules/FrontendComments/InputfieldFrontendComments.module,b28e4f256b1d9cf092c2d20c9f3a2072
"pending approval","Wartet auf Bestätigung",,site/modules/FrontendComments/InputfieldFrontendComments.module,e2702e8b9c1efdd2e4662873c3114be2
approved,Bestätigt,,site/modules/FrontendComments/InputfieldFrontendComments.module,787d5f05953ec39b108869dfdd7733e6
"SPAM, but has replies","SPAM, hat aber Antworten",,site/modules/FrontendComments/InputfieldFrontendComments.module,792094a5f7cc15d8c58c81343c8bf83d
